team,actual_position
Albacete,1
Almería,2
Burgos,3
Castellón,4
Ceuta,5
Cultural Leonesa,6
Cadiz,7
Córdoba,8
Deportivo La Coruña,9
Eibar,10
FC Andorra,11
Granada,12
Huesca,13
Las Palmas,14
Leganés,15
Mirandés,16
Málaga,17
Racing Santander,18
Real Sociedad B,19
Real Valladolid,20
Real Zaragoza,21
Sporting Gijón,22
